{
  "chi_squared": {
    "Profile_W": {
      "p_value": 0.12450788356292102,
      "ratios": {
        "Computational": 1.8093006488824803,
        "Decision": 1.1788331454340475,
        "Error-Correction": 0.0,
        "Neutral/Elaboration": 0.5753094910591472,
        "Planning": 1.8224400871459694,
        "State-Transition": 0.0
      }
    },
    "Profile_X": {
      "p_value": 0.0005585037217371206,
      "ratios": {
        "Computational": 1.0495265109845164,
        "Decision": 0.7674406705799118,
        "Error-Correction": 1.1620680709330253,
        "Neutral/Elaboration": 0.907530464769359,
        "Planning": 1.2434802472545268,
        "State-Transition": 0.8592913606998115
      }
    },
    "Profile_Y": {
      "p_value": 5.108152577589461e-06,
      "ratios": {
        "Computational": 0.980338200191304,
        "Decision": 1.081082359775479,
        "Error-Correction": 0.9481176896691309,
        "Neutral/Elaboration": 1.0635203340694992,
        "Planning": 0.9467975592184638,
        "State-Transition": 0.9069418054278612
      }
    },
    "Profile_Z": {
      "p_value": 0.000244629006444909,
      "ratios": {
        "Computational": 0.9849674983815309,
        "Decision": 0.8182267701641107,
        "Error-Correction": 0.9346049859700297,
        "Neutral/Elaboration": 1.0863898523349766,
        "Planning": 1.1626412039208736,
        "State-Transition": 1.587273545168282
      }
    }
  },
  "correlations": {
    "resamp_acc": {
      "Planning": 0.005500157805594148,
      "State-Transition": -0.02587826388761364,
      "Neutral/Elaboration": 0.004162168365726446,
      "Computational": -0.00646608392841108,
      "Error-Correction": 0.027307473602781983,
      "Decision": -0.01332386544554638
    },
    "forced_acc": {
      "Planning": -0.01759680564196269,
      "State-Transition": -0.008732729077000326,
      "Neutral/Elaboration": -0.00709657136100626,
      "Computational": 0.004606678485236367,
      "Error-Correction": -0.0419609046231894,
      "Decision": 0.05873071478384975
    },
    "counter_acc": {
      "Planning": -0.009644872320982913,
      "State-Transition": 0.02768238418279562,
      "Neutral/Elaboration": 0.021451183923523978,
      "Computational": -0.01703237976096475,
      "Error-Correction": -0.015258154420683649,
      "Decision": 0.007745439635244661
    },
    "resamp_kl": {
      "Planning": 0.10590599258368015,
      "State-Transition": 0.06558018785804466,
      "Neutral/Elaboration": -0.04673822847640926,
      "Computational": 0.055552573906067174,
      "Error-Correction": -0.05142812522412493,
      "Decision": -0.0868781619423931
    },
    "forced_kl": {
      "Planning": -0.0037851413291006357,
      "State-Transition": 0.03457479099799568,
      "Neutral/Elaboration": -0.058625493044160065,
      "Computational": 0.0648633078466763,
      "Error-Correction": -0.05902906702220452,
      "Decision": 0.02208197749325488
    }
  },
  "thresholds": {
    "resamp_high": 0.0620654761904759,
    "forced_high": 0.0,
    "counter_high": 0.074494949494949,
    "resamp_low": 0.0,
    "forced_low": 0.0
  }
}