{
  "Profile_W": {
    "p_value": 0.168736557615607,
    "ratios": {
      "Computational": 1.498059894537857,
      "Decision": 1.075123706702654,
      "Error-Correction": 0.7847828126465897,
      "Neutral/Elaboration": 0.48116192119643375,
      "Planning": 1.2578947368421054,
      "State-Transition": 0.0
    }
  },
  "Profile_X": {
    "p_value": 0.0004055326849212044,
    "ratios": {
      "Computational": 0.9398374504715219,
      "Decision": 0.8401757689893283,
      "Error-Correction": 1.044603563048229,
      "Neutral/Elaboration": 1.0588280695254855,
      "Planning": 1.2872693032015066,
      "State-Transition": 0.6396504343967092
    }
  },
  "Profile_Y": {
    "p_value": 3.77608233056168e-08,
    "ratios": {
      "Computational": 1.208033933891122,
      "Decision": 0.864311007308069,
      "Error-Correction": 0.9288262005897543,
      "Neutral/Elaboration": 0.8237718298250403,
      "Planning": 0.8427032321253674,
      "State-Transition": 1.4257214803329477
    }
  },
  "Profile_Z": {
    "p_value": 5.705866569993173e-06,
    "ratios": {
      "Computational": 0.961102391564489,
      "Decision": 0.6746647847565278,
      "Error-Correction": 1.0328173804968193,
      "Neutral/Elaboration": 1.1113074647816714,
      "Planning": 1.2973241590214069,
      "State-Transition": 0.6955569721998948
    }
  }
}